Region,Debt
Africa,27.77610810148054
Asia,95.46140239698214
Europe,29.157475860535843
North America,22.495830370719343
South America,22.481311037849412
