City,Activated
Chicago,64.0
Dallas,69.33333333333334
Houston,58.139534883720934
Los Angeles,57.14285714285714
Miami,62.88659793814433
New York,66.66666666666666
