Incentive,Activated
Guaranteed Earnings,71.01449275362319
Referral Bonus,53.44827586206896
Signup Bonus,65.85365853658537
Weekend Bonus,60.16260162601627
